Year,Tech,Category
0,start,Flight
1950,supersonicFlightRP0,Flight
1951,supersonicFlightRP0,Flight
1952,matureSupersonic,Flight
1953,matureSupersonic,Flight
1954,matureSupersonic,Flight
1955,matureSupersonic,Flight
1956,matureSupersonic,Flight
1957,matureSupersonic,Flight
1958,matureSupersonic,Flight
1959,highSpeedFlight,Flight
1960,highSpeedFlight,Flight
1961,highSpeedFlight,Flight
1962,highSpeedFlight,Flight
1963,highSpeedFlight,Flight
1964,advancedJetEngines,Flight
1965,advancedJetEngines,Flight
1966,advancedJetEngines,Flight
1967,advancedJetEngines,Flight
1968,advancedJetEngines,Flight
1969,advancedJetEngines,Flight
1970,matureTurbofans,Flight
1971,matureTurbofans,Flight
1972,matureTurbofans,Flight
1973,matureTurbofans,Flight
1974,matureTurbofans,Flight
1975,matureTurbofans,Flight
1976,matureTurbofans,Flight
1977,matureTurbofans,Flight
1978,matureTurbofans,Flight
1979,matureTurbofans,Flight
1980,matureTurbofans,Flight
1981,refinedTurbofans,Flight
1982,refinedTurbofans,Flight
1983,refinedTurbofans,Flight
1984,refinedTurbofans,Flight
1985,refinedTurbofans,Flight
1986,refinedTurbofans,Flight
1987,refinedTurbofans,Flight
1988,refinedTurbofans,Flight
1989,refinedTurbofans,Flight
1990,refinedTurbofans,Flight
1991,refinedTurbofans,Flight
1992,refinedTurbofans,Flight
1993,refinedTurbofans,Flight
1994,refinedTurbofans,Flight
1995,refinedTurbofans,Flight
1996,refinedTurbofans,Flight
1997,refinedTurbofans,Flight
1998,refinedTurbofans,Flight
1999,refinedTurbofans,Flight
2000,refinedTurbofans,Flight
2001,refinedTurbofans,Flight
2002,refinedTurbofans,Flight
2003,refinedTurbofans,Flight
2004,scramjetEngines,Flight
2005,scramjetEngines,Flight
2006,scramjetEngines,Flight
2007,scramjetEngines,Flight
2008,scramjetEngines,Flight
2009,scramjetEngines,Flight
2010,scramjetEngines,Flight
2011,scramjetEngines,Flight
2012,scramjetEngines,Flight
2013,scramjetEngines,Flight
2014,scramjetEngines,Flight
2015,scramjetEngines,Flight
2016,scramjetEngines,Flight
2017,scramjetEngines,Flight
2018,scramjetEngines,Flight
2019,experimentalAircraft,Flight
2020,experimentalAircraft,Flight
2021,experimentalAircraft,Flight
2022,experimentalAircraft,Flight
2023,experimentalAircraft,Flight
2024,experimentalAircraft,Flight
2025,experimentalAircraft,Flight
2026,experimentalAircraft,Flight
2027,experimentalAircraft,Flight
2028,experimentalAircraft,Flight
2029,experimentalAircraft,Flight
2030,experimentalAircraft,Flight
2031,experimentalAircraft,Flight
2032,experimentalAircraft,Flight
2033,experimentalAircraft,Flight
2034,experimentalAircraft,Flight
2035,experimentalAircraft,Flight
2036,experimentalAircraft,Flight
2037,experimentalAircraft,Flight
2038,experimentalAircraft,Flight
2039,experimentalAircraft,Flight
2040,experimentalAircraft,Flight
2041,experimentalAircraft,Flight
2042,experimentalAircraft,Flight
2043,experimentalAircraft,Flight
2044,experimentalAircraft,Flight
2045,experimentalAircraft,Flight
2046,experimentalAircraft,Flight
2047,experimentalAircraft,Flight
2048,experimentalAircraft,Flight
2049,experimentalAircraft,Flight
2050,experimentalAircraft,Flight
2051,colonization2051Flight,Flight
2100,colonization2100Flight,Flight
2150,colonization2150Flight,Flight
PW,supersonicDev,Flight
0,start,Spaceplanes
1950,supersonicFlightRP0,Spaceplanes
1951,supersonicFlightRP0,Spaceplanes
1952,matureSupersonic,Spaceplanes
1953,matureSupersonic,Spaceplanes
1954,matureSupersonic,Spaceplanes
1955,matureSupersonic,Spaceplanes
1956,matureSupersonic,Spaceplanes
1957,matureSupersonic,Spaceplanes
1958,matureSupersonic,Spaceplanes
1959,hypersonicFlightRP0,Spaceplanes
1960,hypersonicFlightRP0,Spaceplanes
1961,hypersonicFlightRP0,Spaceplanes
1962,hypersonicFlightRP0,Spaceplanes
1963,hypersonicFlightRP0,Spaceplanes
1964,hypersonicFlightRP0,Spaceplanes
1965,prototypeSpaceplanes,Spaceplanes
1966,prototypeSpaceplanes,Spaceplanes
1967,prototypeSpaceplanes,Spaceplanes
1968,prototypeSpaceplanes,Spaceplanes
1969,prototypeSpaceplanes,Spaceplanes
1970,effectiveSpaceplanes,Spaceplanes
1971,effectiveSpaceplanes,Spaceplanes
1972,effectiveSpaceplanes,Spaceplanes
1973,effectiveSpaceplanes,Spaceplanes
1974,effectiveSpaceplanes,Spaceplanes
1975,effectiveSpaceplanes,Spaceplanes
1976,effectiveSpaceplanes,Spaceplanes
1977,effectiveSpaceplanes,Spaceplanes
1978,effectiveSpaceplanes,Spaceplanes
1979,effectiveSpaceplanes,Spaceplanes
1980,effectiveSpaceplanes,Spaceplanes
1981,spaceShuttles,Spaceplanes
1982,spaceShuttles,Spaceplanes
1983,spaceShuttles,Spaceplanes
1984,spaceShuttles,Spaceplanes
1985,spaceShuttles,Spaceplanes
1986,improvedSpaceplanes,Spaceplanes
1987,improvedSpaceplanes,Spaceplanes
1988,improvedSpaceplanes,Spaceplanes
1989,improvedSpaceplanes,Spaceplanes
1990,improvedSpaceplanes,Spaceplanes
1991,improvedSpaceplanes,Spaceplanes
1992,improvedSpaceplanes,Spaceplanes
1993,improvedSpaceplanes,Spaceplanes
1994,improvedSpaceplanes,Spaceplanes
1995,improvedSpaceplanes,Spaceplanes
1996,improvedSpaceplanes,Spaceplanes
1997,improvedSpaceplanes,Spaceplanes
1998,advancedSpaceplanes,Spaceplanes
1999,advancedSpaceplanes,Spaceplanes
2000,advancedSpaceplanes,Spaceplanes
2001,advancedSpaceplanes,Spaceplanes
2002,advancedSpaceplanes,Spaceplanes
2003,advancedSpaceplanes,Spaceplanes
2004,advancedSpaceplanes,Spaceplanes
2005,advancedSpaceplanes,Spaceplanes
2006,advancedSpaceplanes,Spaceplanes
2007,advancedSpaceplanes,Spaceplanes
2008,advancedSpaceplanes,Spaceplanes
2009,highTechSpaceplanes,Spaceplanes
2010,highTechSpaceplanes,Spaceplanes
2011,highTechSpaceplanes,Spaceplanes
2012,highTechSpaceplanes,Spaceplanes
2013,highTechSpaceplanes,Spaceplanes
2014,highTechSpaceplanes,Spaceplanes
2015,highTechSpaceplanes,Spaceplanes
2016,highTechSpaceplanes,Spaceplanes
2017,highTechSpaceplanes,Spaceplanes
2018,highTechSpaceplanes,Spaceplanes
2019,experimentalSpaceplanes,Spaceplanes
2020,experimentalSpaceplanes,Spaceplanes
2021,experimentalSpaceplanes,Spaceplanes
2022,experimentalSpaceplanes,Spaceplanes
2023,experimentalSpaceplanes,Spaceplanes
2024,experimentalSpaceplanes,Spaceplanes
2025,experimentalSpaceplanes,Spaceplanes
2026,experimentalSpaceplanes,Spaceplanes
2027,experimentalSpaceplanes,Spaceplanes
2028,experimentalSpaceplanes,Spaceplanes
2029,experimentalSpaceplanes,Spaceplanes
2030,experimentalSpaceplanes,Spaceplanes
2031,experimentalSpaceplanes,Spaceplanes
2032,experimentalSpaceplanes,Spaceplanes
2033,experimentalSpaceplanes,Spaceplanes
2034,experimentalSpaceplanes,Spaceplanes
2035,experimentalSpaceplanes,Spaceplanes
2036,experimentalSpaceplanes,Spaceplanes
2037,experimentalSpaceplanes,Spaceplanes
2038,experimentalSpaceplanes,Spaceplanes
2039,experimentalSpaceplanes,Spaceplanes
2040,experimentalSpaceplanes,Spaceplanes
2041,experimentalSpaceplanes,Spaceplanes
2042,experimentalSpaceplanes,Spaceplanes
2043,experimentalSpaceplanes,Spaceplanes
2044,experimentalSpaceplanes,Spaceplanes
2045,experimentalSpaceplanes,Spaceplanes
2046,experimentalSpaceplanes,Spaceplanes
2047,experimentalSpaceplanes,Spaceplanes
2048,experimentalSpaceplanes,Spaceplanes
2049,experimentalSpaceplanes,Spaceplanes
2050,experimentalSpaceplanes,Spaceplanes
2051,sstoSpaceplanes,Spaceplanes
2100,colonization2100Spaceplanes,Spaceplanes
2150,colonization2150Spaceplanes,Spaceplanes
PW,supersonicDev,Spaceplanes
0,start,Command
1961,basicCapsules,Command
1962,basicCapsules,Command
1963,basicCapsules,Command
1964,secondGenCapsules,Command
1965,secondGenCapsules,Command
1966,secondGenCapsules,Command
1967,matureCapsules,Command
1968,matureCapsules,Command
1969,matureCapsules,Command
1970,matureCapsules,Command
1971,matureCapsules,Command
1972,matureCapsules,Command
1973,matureCapsules,Command
1974,matureCapsules,Command
1975,improvedCapsules,Command
1976,improvedCapsules,Command
1977,improvedCapsules,Command
1978,improvedCapsules,Command
1979,improvedCapsules,Command
1980,improvedCapsules,Command
1981,improvedCapsules,Command
1982,improvedCapsules,Command
1983,improvedCapsules,Command
1984,improvedCapsules,Command
1985,improvedCapsules,Command
1986,advancedCapsules,Command
1987,advancedCapsules,Command
1988,advancedCapsules,Command
1989,advancedCapsules,Command
1990,advancedCapsules,Command
1991,advancedCapsules,Command
1992,advancedCapsules,Command
1993,advancedCapsules,Command
1994,advancedCapsules,Command
1995,advancedCapsules,Command
1996,advancedCapsules,Command
1997,advancedCapsules,Command
1998,advancedCapsules,Command
1999,advancedCapsules,Command
2000,advancedCapsules,Command
2001,advancedCapsules,Command
2002,advancedCapsules,Command
2003,advancedCapsules,Command
2004,advancedCapsules,Command
2005,advancedCapsules,Command
2006,advancedCapsules,Command
2007,advancedCapsules,Command
2008,advancedCapsules,Command
2009,modernCapsules,Command
2010,modernCapsules,Command
2011,modernCapsules,Command
2012,modernCapsules,Command
2013,modernCapsules,Command
2014,modernCapsules,Command
2015,modernCapsules,Command
2016,modernCapsules,Command
2017,modernCapsules,Command
2018,modernCapsules,Command
2019,capsulesNF,Command
2020,capsulesNF,Command
2021,capsulesNF,Command
2022,capsulesNF,Command
2023,capsulesNF,Command
2024,capsulesNF,Command
2025,capsulesNF,Command
2026,capsulesNF,Command
2027,capsulesNF,Command
2028,capsulesNF,Command
2029,capsulesNF,Command
2030,capsulesNF,Command
2031,capsulesNF,Command
2032,capsulesNF,Command
2033,capsulesNF,Command
2034,capsulesNF,Command
2035,capsulesNF,Command
2036,capsulesNF,Command
2037,capsulesNF,Command
2038,capsulesNF,Command
2039,capsulesNF,Command
2040,capsulesNF,Command
2041,capsulesNF,Command
2042,capsulesNF,Command
2043,capsulesNF,Command
2044,capsulesNF,Command
2045,capsulesNF,Command
2046,capsulesNF,Command
2047,capsulesNF,Command
2048,capsulesNF,Command
2049,capsulesNF,Command
2050,capsulesNF,Command
2051,highTechCapsules,Command
2100,colonization2100Command,Command
2150,colonization2150Command,Command
0,start,Stations
1967,spaceStationPrototypes,Stations
1968,spaceStationPrototypes,Stations
1969,spaceStationPrototypes,Stations
1970,spaceStationDev,Stations
1971,spaceStationDev,Stations
1972,earlySpaceStations,Stations
1973,earlySpaceStations,Stations
1974,earlySpaceStations,Stations
1975,earlySpaceStations,Stations
1976,earlySpaceStations,Stations
1977,earlySpaceStations,Stations
1978,earlySpaceStations,Stations
1979,earlySpaceStations,Stations
1980,earlySpaceStations,Stations
1981,earlySpaceStations,Stations
1982,earlySpaceStations,Stations
1983,earlySpaceStations,Stations
1984,earlySpaceStations,Stations
1985,earlySpaceStations,Stations
1986,modularSpaceStations,Stations
1987,modularSpaceStations,Stations
1988,modularSpaceStations,Stations
1989,modularSpaceStations,Stations
1990,modularSpaceStations,Stations
1991,modularSpaceStations,Stations
1992,modularSpaceStations,Stations
1993,modularSpaceStations,Stations
1994,modularSpaceStations,Stations
1995,modularSpaceStations,Stations
1996,modularSpaceStations,Stations
1997,modularSpaceStations,Stations
1998,largeScaleOrbitalCon,Stations
1999,largeScaleOrbitalCon,Stations
2000,largeScaleOrbitalCon,Stations
2001,largeScaleOrbitalCon,Stations
2002,largeScaleOrbitalCon,Stations
2003,largeScaleOrbitalCon,Stations
2004,improvedOrbitalConstruction,Stations
2005,improvedOrbitalConstruction,Stations
2006,improvedOrbitalConstruction,Stations
2007,improvedOrbitalConstruction,Stations
2008,improvedOrbitalConstruction,Stations
2009,improvedOrbitalConstruction,Stations
2010,improvedOrbitalConstruction,Stations
2011,improvedOrbitalConstruction,Stations
2012,improvedOrbitalConstruction,Stations
2013,improvedOrbitalConstruction,Stations
2014,inflatableHabitats,Stations
2015,inflatableHabitats,Stations
2016,inflatableHabitats,Stations
2017,inflatableHabitats,Stations
2018,inflatableHabitats,Stations
2019,improvedHabitats,Stations
2020,improvedHabitats,Stations
2021,improvedHabitats,Stations
2022,improvedHabitats,Stations
2023,improvedHabitats,Stations
2024,improvedHabitats,Stations
2025,improvedHabitats,Stations
2026,improvedHabitats,Stations
2027,improvedHabitats,Stations
2028,improvedHabitats,Stations
2029,improvedHabitats,Stations
2030,improvedHabitats,Stations
2031,improvedHabitats,Stations
2032,improvedHabitats,Stations
2033,improvedHabitats,Stations
2034,improvedHabitats,Stations
2035,advancedHabitats,Stations
2036,advancedHabitats,Stations
2037,advancedHabitats,Stations
2038,advancedHabitats,Stations
2039,advancedHabitats,Stations
2040,advancedHabitats,Stations
2041,advancedHabitats,Stations
2042,advancedHabitats,Stations
2043,advancedHabitats,Stations
2044,advancedHabitats,Stations
2045,advancedHabitats,Stations
2046,advancedHabitats,Stations
2047,advancedHabitats,Stations
2048,advancedHabitats,Stations
2049,advancedHabitats,Stations
2050,advancedHabitats,Stations
2051,largeScaleHabitats,Stations
2100,colonization2100SpaceStations,Stations
2150,colonization2150SpaceStations,Stations
0,start,RCS
1950,earlyRocketry,RCS
1951,earlyRocketry,RCS
1952,basicRocketryRP0,RCS
1953,basicRocketryRP0,RCS
1954,basicRocketryRP0,RCS
1955,basicRocketryRP0,RCS
1956,orbitalRocketry1956,RCS
1957,orbitalRocketry1956,RCS
1958,orbitalRocketry1956,RCS
1959,earlyFlightControl,RCS
1960,earlyFlightControl,RCS
1961,stabilityRP0,RCS
1962,stabilityRP0,RCS
1963,improvedFlightControl,RCS
1964,earlyDocking,RCS
1965,earlyDocking,RCS
1966,earlyDocking,RCS
1967,advancedFlightControl,RCS
1968,dockingCrewTransfer,RCS
1969,dockingCrewTransfer,RCS
1970,dockingCrewTransfer,RCS
1971,dockingCrewTransfer,RCS
1972,spaceStationControl,RCS
1973,spaceStationControl,RCS
1974,spaceStationControl,RCS
1975,spaceStationControl,RCS
1976,spaceStationControl,RCS
1977,spaceStationControl,RCS
1978,spaceStationControl,RCS
1979,spaceStationControl,RCS
1980,spaceStationControl,RCS
1981,largeSpaceplaneControl,RCS
1982,largeSpaceplaneControl,RCS
1983,largeSpaceplaneControl,RCS
1984,largeSpaceplaneControl,RCS
1985,largeSpaceplaneControl,RCS
1986,standardDockingPorts,RCS
1987,standardDockingPorts,RCS
1988,standardDockingPorts,RCS
1989,standardDockingPorts,RCS
1990,standardDockingPorts,RCS
1991,standardDockingPorts,RCS
1992,standardDockingPorts,RCS
1993,standardDockingPorts,RCS
1994,standardDockingPorts,RCS
1995,standardDockingPorts,RCS
1996,standardDockingPorts,RCS
1997,standardDockingPorts,RCS
1998,largeStationControl,RCS
1999,largeStationControl,RCS
2000,largeStationControl,RCS
2001,largeStationControl,RCS
2002,largeStationControl,RCS
2003,largeStationControl,RCS
2004,largeDockingPorts,RCS
2005,largeDockingPorts,RCS
2006,largeDockingPorts,RCS
2007,largeDockingPorts,RCS
2008,largeDockingPorts,RCS
2009,gridFins,RCS
2010,gridFins,RCS
2011,gridFins,RCS
2012,gridFins,RCS
2013,gridFins,RCS
2014,gridFins,RCS
2015,gridFins,RCS
2016,gridFins,RCS
2017,gridFins,RCS
2018,gridFins,RCS
2019,flightControlNF,RCS
2020,flightControlNF,RCS
2021,flightControlNF,RCS
2022,flightControlNF,RCS
2023,flightControlNF,RCS
2024,flightControlNF,RCS
2025,flightControlNF,RCS
2026,flightControlNF,RCS
2027,flightControlNF,RCS
2028,flightControlNF,RCS
2029,flightControlNF,RCS
2030,flightControlNF,RCS
2031,flightControlNF,RCS
2032,flightControlNF,RCS
2033,flightControlNF,RCS
2034,flightControlNF,RCS
2035,flightControlNF,RCS
2036,flightControlNF,RCS
2037,flightControlNF,RCS
2038,flightControlNF,RCS
2039,flightControlNF,RCS
2040,flightControlNF,RCS
2041,flightControlNF,RCS
2042,flightControlNF,RCS
2043,flightControlNF,RCS
2044,flightControlNF,RCS
2045,flightControlNF,RCS
2046,flightControlNF,RCS
2047,flightControlNF,RCS
2048,flightControlNF,RCS
2049,flightControlNF,RCS
2050,flightControlNF,RCS
2051,colonization2051Control,RCS
2100,colonization2100Control,RCS
2150,colonization2150Control,RCS
PW,rocketryTesting,RCS
0,start,EDL
1950,postWarMaterialsScience,EDL
1951,postWarMaterialsScience,EDL
1952,earlyMaterialsScience,EDL
1953,earlyMaterialsScience,EDL
1954,earlyMaterialsScience,EDL
1955,earlyMaterialsScience,EDL
1956,(blank),EDL
1957,(blank),EDL
1958,(blank),EDL
1959,entryDescentLanding,EDL
1960,humanRatedEDL,EDL
1961,humanRatedEDL,EDL
1962,humanRatedEDL,EDL
1963,humanRatedEDL,EDL
1964,earlyLanding,EDL
1965,earlyLanding,EDL
1966,lunarRatedHeatshields,EDL
1967,lunarRatedHeatshields,EDL
1968,lunarLanding,EDL
1969,lunarLanding,EDL
1970,improvedLandingEngines,EDL
1971,improvedLandingEngines,EDL
1972,advancedUncrewedLanding,EDL
1973,advancedUncrewedLanding,EDL
1974,advancedUncrewedLanding,EDL
1975,advancedUncrewedLanding,EDL
1976,advancedUncrewedLanding,EDL
1977,advancedUncrewedLanding,EDL
1978,advancedUncrewedLanding,EDL
1979,advancedUncrewedLanding,EDL
1980,advancedUncrewedLanding,EDL
1981,advancedUncrewedLanding,EDL
1982,advancedUncrewedLanding,EDL
1983,advancedUncrewedLanding,EDL
1984,advancedUncrewedLanding,EDL
1985,advancedUncrewedLanding,EDL
1986,advancedUncrewedLanding,EDL
1987,advancedUncrewedLanding,EDL
1988,advancedUncrewedLanding,EDL
1989,advancedUncrewedLanding,EDL
1990,advancedUncrewedLanding,EDL
1991,advancedUncrewedLanding,EDL
1992,interplanetaryRovers,EDL
1993,interplanetaryRovers,EDL
1994,interplanetaryRovers,EDL
1995,interplanetaryRovers,EDL
1996,interplanetaryRovers,EDL
1997,interplanetaryRovers,EDL
1998,interplanetaryRovers,EDL
1999,interplanetaryRovers,EDL
2000,interplanetaryRovers,EDL
2001,interplanetaryRovers,EDL
2002,interplanetaryRovers,EDL
2003,interplanetaryRovers,EDL
2004,largeRoverDesigns,EDL
2005,largeRoverDesigns,EDL
2006,largeRoverDesigns,EDL
2007,largeRoverDesigns,EDL
2008,largeRoverDesigns,EDL
2009,reusability,EDL
2010,reusability,EDL
2011,reusability,EDL
2012,reusability,EDL
2013,reusability,EDL
2014,advancedLanding,EDL
2015,advancedLanding,EDL
2016,advancedLanding,EDL
2017,advancedLanding,EDL
2018,advancedLanding,EDL
2019,SIAD,EDL
2020,SIAD,EDL
2021,SIAD,EDL
2022,SIAD,EDL
2023,SIAD,EDL
2024,SIAD,EDL
2025,SIAD,EDL
2026,SIAD,EDL
2027,SIAD,EDL
2028,SIAD,EDL
2029,SIAD,EDL
2030,SIAD,EDL
2031,SIAD,EDL
2032,SIAD,EDL
2033,SIAD,EDL
2034,SIAD,EDL
2035,HIAD,EDL
2036,HIAD,EDL
2037,HIAD,EDL
2038,HIAD,EDL
2039,HIAD,EDL
2040,HIAD,EDL
2041,HIAD,EDL
2042,HIAD,EDL
2043,HIAD,EDL
2044,HIAD,EDL
2045,HIAD,EDL
2046,HIAD,EDL
2047,HIAD,EDL
2048,HIAD,EDL
2049,HIAD,EDL
2050,HIAD,EDL
2051,colonization2051EDL,EDL
2100,colonization2100EDL,EDL
2150,colonization2150EDL,EDL
PW,postWarMaterialsScience,EDL
0,start,Hydrolox
1962,prototypeHydrolox,Hydrolox
1963,earlyHydrolox,Hydrolox
1964,earlyHydrolox,Hydrolox
1965,earlyHydrolox,Hydrolox
1966,improvedHydrolox,Hydrolox
1967,largeHydrolox,Hydrolox
1968,hydrolox1968,Hydrolox
1969,hydrolox1968,Hydrolox
1970,hydrolox1968,Hydrolox
1971,hydrolox1968,Hydrolox
1972,hydrolox1972,Hydrolox
1973,hydrolox1972,Hydrolox
1974,hydrolox1972,Hydrolox
1975,hydrolox1972,Hydrolox
1976,hydrolox1976,Hydrolox
1977,hydrolox1976,Hydrolox
1978,hydrolox1976,Hydrolox
1979,hydrolox1976,Hydrolox
1980,hydrolox1976,Hydrolox
1981,hydrolox1981,Hydrolox
1982,hydrolox1981,Hydrolox
1983,hydrolox1981,Hydrolox
1984,hydrolox1981,Hydrolox
1985,hydrolox1981,Hydrolox
1986,hydrolox1986,Hydrolox
1987,hydrolox1986,Hydrolox
1988,hydrolox1986,Hydrolox
1989,hydrolox1986,Hydrolox
1990,hydrolox1986,Hydrolox
1991,hydrolox1986,Hydrolox
1992,hydrolox1992,Hydrolox
1993,hydrolox1992,Hydrolox
1994,hydrolox1992,Hydrolox
1995,hydrolox1992,Hydrolox
1996,hydrolox1992,Hydrolox
1997,hydrolox1992,Hydrolox
1998,hydrolox1998,Hydrolox
1999,hydrolox1998,Hydrolox
2000,hydrolox1998,Hydrolox
2001,hydrolox1998,Hydrolox
2002,hydrolox1998,Hydrolox
2003,hydrolox1998,Hydrolox
2004,hydrolox1998,Hydrolox
2005,hydrolox1998,Hydrolox
2006,hydrolox1998,Hydrolox
2007,hydrolox1998,Hydrolox
2008,hydrolox1998,Hydrolox
2009,hydrolox2009,Hydrolox
2010,hydrolox2009,Hydrolox
2011,hydrolox2009,Hydrolox
2012,hydrolox2009,Hydrolox
2013,hydrolox2009,Hydrolox
2014,hydrolox2009,Hydrolox
2015,hydrolox2009,Hydrolox
2016,hydrolox2009,Hydrolox
2017,hydrolox2009,Hydrolox
2018,hydrolox2009,Hydrolox
2019,hydroloxNF,Hydrolox
2020,hydroloxNF,Hydrolox
2021,hydroloxNF,Hydrolox
2022,hydroloxNF,Hydrolox
2023,hydroloxNF,Hydrolox
2024,hydroloxNF,Hydrolox
2025,hydroloxNF,Hydrolox
2026,hydroloxNF,Hydrolox
2027,hydroloxNF,Hydrolox
2028,hydroloxNF,Hydrolox
2029,hydroloxNF,Hydrolox
2030,hydroloxNF,Hydrolox
2031,hydroloxNF,Hydrolox
2032,hydroloxNF,Hydrolox
2033,hydroloxNF,Hydrolox
2034,hydroloxNF,Hydrolox
2035,hydroloxNF,Hydrolox
2036,hydroloxNF,Hydrolox
2037,hydroloxNF,Hydrolox
2038,hydroloxNF,Hydrolox
2039,hydroloxNF,Hydrolox
2040,hydroloxNF,Hydrolox
2041,hydroloxNF,Hydrolox
2042,hydroloxNF,Hydrolox
2043,hydroloxNF,Hydrolox
2044,hydroloxNF,Hydrolox
2045,hydroloxNF,Hydrolox
2046,hydroloxNF,Hydrolox
2047,hydroloxNF,Hydrolox
2048,hydroloxNF,Hydrolox
2049,hydroloxNF,Hydrolox
2050,hydroloxNF,Hydrolox
2051,colonization2051Hydrolox,Hydrolox
2100,colonization2100Hydrolox,Hydrolox
2150,colonization2150Hydrolox,Hydrolox
0,start,Orbital
1950,earlyRocketry,Orbital
1951,earlyRocketry,Orbital
1952,basicRocketryRP0,Orbital
1953,basicRocketryRP0,Orbital
1954,basicRocketryRP0,Orbital
1955,basicRocketryRP0,Orbital
1956,orbitalRocketry1956,Orbital
1957,orbitalRocketry1956,Orbital
1958,orbitalRocketry1958,Orbital
1959,orbitalRocketry1959,Orbital
1960,orbitalRocketry1960,Orbital
1961,orbitalRocketry1961,Orbital
1962,orbitalRocketry1962,Orbital
1963,orbitalRocketry1963,Orbital
1964,orbitalRocketry1964,Orbital
1965,orbitalRocketry1965,Orbital
1966,orbitalRocketry1966,Orbital
1967,orbitalRocketry1967,Orbital
1968,orbitalRocketry1967,Orbital
1969,orbitalRocketry1967,Orbital
1970,orbitalRocketry1970,Orbital
1971,orbitalRocketry1970,Orbital
1972,orbitalRocketry1972,Orbital
1973,orbitalRocketry1972,Orbital
1974,orbitalRocketry1972,Orbital
1975,orbitalRocketry1972,Orbital
1976,orbitalRocketry1976,Orbital
1977,orbitalRocketry1976,Orbital
1978,orbitalRocketry1976,Orbital
1979,orbitalRocketry1976,Orbital
1980,orbitalRocketry1976,Orbital
1981,orbitalRocketry1981,Orbital
1982,orbitalRocketry1981,Orbital
1983,orbitalRocketry1981,Orbital
1984,orbitalRocketry1981,Orbital
1985,orbitalRocketry1981,Orbital
1986,orbitalRocketry1986,Orbital
1987,orbitalRocketry1986,Orbital
1988,orbitalRocketry1986,Orbital
1989,orbitalRocketry1986,Orbital
1990,orbitalRocketry1986,Orbital
1991,orbitalRocketry1986,Orbital
1992,orbitalRocketry1992,Orbital
1993,orbitalRocketry1992,Orbital
1994,orbitalRocketry1992,Orbital
1995,orbitalRocketry1992,Orbital
1996,orbitalRocketry1992,Orbital
1997,orbitalRocketry1992,Orbital
1998,orbitalRocketry1998,Orbital
1999,orbitalRocketry1998,Orbital
2000,orbitalRocketry1998,Orbital
2001,orbitalRocketry1998,Orbital
2002,orbitalRocketry1998,Orbital
2003,orbitalRocketry1998,Orbital
2004,orbitalRocketry2004,Orbital
2005,orbitalRocketry2004,Orbital
2006,orbitalRocketry2004,Orbital
2007,orbitalRocketry2004,Orbital
2008,orbitalRocketry2004,Orbital
2009,orbitalRocketry2009,Orbital
2010,orbitalRocketry2009,Orbital
2011,orbitalRocketry2009,Orbital
2012,orbitalRocketry2009,Orbital
2013,orbitalRocketry2009,Orbital
2014,orbitalRocketry2014,Orbital
2015,orbitalRocketry2014,Orbital
2016,orbitalRocketry2014,Orbital
2017,orbitalRocketry2014,Orbital
2018,orbitalRocketry2014,Orbital
2019,orbitalRocketryNF,Orbital
2020,orbitalRocketryNF,Orbital
2021,orbitalRocketryNF,Orbital
2022,orbitalRocketryNF,Orbital
2023,orbitalRocketryNF,Orbital
2024,orbitalRocketryNF,Orbital
2025,orbitalRocketryNF,Orbital
2026,orbitalRocketryNF,Orbital
2027,orbitalRocketryNF,Orbital
2028,orbitalRocketryNF,Orbital
2029,orbitalRocketryNF,Orbital
2030,orbitalRocketryNF,Orbital
2031,orbitalRocketryNF,Orbital
2032,orbitalRocketryNF,Orbital
2033,orbitalRocketryNF,Orbital
2034,orbitalRocketryNF,Orbital
2035,orbitalRocketryNF,Orbital
2036,orbitalRocketryNF,Orbital
2037,orbitalRocketryNF,Orbital
2038,orbitalRocketryNF,Orbital
2039,orbitalRocketryNF,Orbital
2040,orbitalRocketryNF,Orbital
2041,orbitalRocketryNF,Orbital
2042,orbitalRocketryNF,Orbital
2043,orbitalRocketryNF,Orbital
2044,orbitalRocketryNF,Orbital
2045,orbitalRocketryNF,Orbital
2046,orbitalRocketryNF,Orbital
2047,orbitalRocketryNF,Orbital
2048,orbitalRocketryNF,Orbital
2049,orbitalRocketryNF,Orbital
2050,orbitalRocketryNF,Orbital
2051,colonization2051Orbital,Orbital
2100,colonization2100Orbital,Orbital
2150,colonization2150Orbital,Orbital
PW,rocketryTesting,Orbital
0,start,Staged
1960,firstStagedCombustion,Staged
1961,firstStagedCombustion,Staged
1962,firstStagedCombustion,Staged
1963,firstStagedCombustion,Staged
1964,stagedCombustion1964,Staged
1965,stagedCombustion1964,Staged
1966,stagedCombustion1966,Staged
1967,stagedCombustion1967,Staged
1968,stagedCombustion1967,Staged
1969,stagedCombustion1969,Staged
1970,stagedCombustion1970,Staged
1971,stagedCombustion1970,Staged
1972,stagedCombustion1972,Staged
1973,stagedCombustion1972,Staged
1974,stagedCombustion1972,Staged
1975,stagedCombustion1972,Staged
1976,stagedCombustion1972,Staged
1977,stagedCombustion1972,Staged
1978,stagedCombustion1972,Staged
1979,stagedCombustion1972,Staged
1980,stagedCombustion1972,Staged
1981,stagedCombustion1981,Staged
1982,stagedCombustion1981,Staged
1983,stagedCombustion1981,Staged
1984,stagedCombustion1981,Staged
1985,stagedCombustion1981,Staged
1986,stagedCombustion1986,Staged
1987,stagedCombustion1986,Staged
1988,stagedCombustion1986,Staged
1989,stagedCombustion1986,Staged
1990,stagedCombustion1986,Staged
1991,stagedCombustion1986,Staged
1992,stagedCombustion1992,Staged
1993,stagedCombustion1992,Staged
1994,stagedCombustion1992,Staged
1995,stagedCombustion1992,Staged
1996,stagedCombustion1992,Staged
1997,stagedCombustion1992,Staged
1998,stagedCombustion1998,Staged
1999,stagedCombustion1998,Staged
2000,stagedCombustion1998,Staged
2001,stagedCombustion1998,Staged
2002,stagedCombustion1998,Staged
2003,stagedCombustion1998,Staged
2004,stagedCombustion2004,Staged
2005,stagedCombustion2004,Staged
2006,stagedCombustion2004,Staged
2007,stagedCombustion2004,Staged
2008,stagedCombustion2004,Staged
2009,stagedCombustion2009,Staged
2010,stagedCombustion2009,Staged
2011,stagedCombustion2009,Staged
2012,stagedCombustion2009,Staged
2013,stagedCombustion2009,Staged
2014,stagedCombustion2014,Staged
2015,stagedCombustion2014,Staged
2016,stagedCombustion2014,Staged
2017,stagedCombustion2014,Staged
2018,stagedCombustion2014,Staged
2019,stagedCombustionNF,Staged
2020,stagedCombustionNF,Staged
2021,stagedCombustionNF,Staged
2022,stagedCombustionNF,Staged
2023,stagedCombustionNF,Staged
2024,stagedCombustionNF,Staged
2025,stagedCombustionNF,Staged
2026,stagedCombustionNF,Staged
2027,stagedCombustionNF,Staged
2028,stagedCombustionNF,Staged
2029,stagedCombustionNF,Staged
2030,stagedCombustionNF,Staged
2031,stagedCombustionNF,Staged
2032,stagedCombustionNF,Staged
2033,stagedCombustionNF,Staged
2034,stagedCombustionNF,Staged
2035,stagedCombustionNF,Staged
2036,stagedCombustionNF,Staged
2037,stagedCombustionNF,Staged
2038,stagedCombustionNF,Staged
2039,stagedCombustionNF,Staged
2040,stagedCombustionNF,Staged
2041,stagedCombustionNF,Staged
2042,stagedCombustionNF,Staged
2043,stagedCombustionNF,Staged
2044,stagedCombustionNF,Staged
2045,stagedCombustionNF,Staged
2046,stagedCombustionNF,Staged
2047,stagedCombustionNF,Staged
2048,stagedCombustionNF,Staged
2049,stagedCombustionNF,Staged
2050,stagedCombustionNF,Staged
2051,colonization2051Staged,Staged
2100,colonization2100Staged,Staged
2150,colonization2150Staged,Staged
0,start,Solid
1950,earlySolids,Solid
1951,earlySolids,Solid
1952,earlySolids,Solid
1953,earlySolids,Solid
1954,earlySolids,Solid
1955,earlySolids,Solid
1956,solids1956,Solid
1957,solids1956,Solid
1958,solids1958,Solid
1959,solids1959,Solid
1960,solids1959,Solid
1961,solids1959,Solid
1962,solids1962,Solid
1963,solids1962,Solid
1964,solids1964,Solid
1965,solids1964,Solid
1966,solids1966,Solid
1967,solids1967,Solid
1968,solids1967,Solid
1969,solids1969,Solid
1970,solids1969,Solid
1971,solids1969,Solid
1972,solids1972,Solid
1973,solids1972,Solid
1974,solids1972,Solid
1975,solids1972,Solid
1976,solids1976,Solid
1977,solids1976,Solid
1978,solids1976,Solid
1979,solids1976,Solid
1980,solids1976,Solid
1981,solids1981,Solid
1982,solids1981,Solid
1983,solids1981,Solid
1984,solids1981,Solid
1985,solids1981,Solid
1986,solids1986,Solid
1987,solids1986,Solid
1988,solids1986,Solid
1989,solids1986,Solid
1990,solids1986,Solid
1991,solids1986,Solid
1992,solids1992,Solid
1993,solids1992,Solid
1994,solids1992,Solid
1995,solids1992,Solid
1996,solids1992,Solid
1997,solids1992,Solid
1998,solids1998,Solid
1999,solids1998,Solid
2000,solids1998,Solid
2001,solids1998,Solid
2002,solids1998,Solid
2003,solids1998,Solid
2004,solids1998,Solid
2005,solids1998,Solid
2006,solids1998,Solid
2007,solids1998,Solid
2008,solids1998,Solid
2009,solids2009,Solid
2010,solids2009,Solid
2011,solids2009,Solid
2012,solids2009,Solid
2013,solids2009,Solid
2014,solids2009,Solid
2015,solids2009,Solid
2016,solids2009,Solid
2017,solids2009,Solid
2018,solids2009,Solid
2019,solidsNF,Solid
2020,solidsNF,Solid
2021,solidsNF,Solid
2022,solidsNF,Solid
2023,solidsNF,Solid
2024,solidsNF,Solid
2025,solidsNF,Solid
2026,solidsNF,Solid
2027,solidsNF,Solid
2028,solidsNF,Solid
2029,solidsNF,Solid
2030,solidsNF,Solid
2031,solidsNF,Solid
2032,solidsNF,Solid
2033,solidsNF,Solid
2034,solidsNF,Solid
2035,solidsNF,Solid
2036,solidsNF,Solid
2037,solidsNF,Solid
2038,solidsNF,Solid
2039,solidsNF,Solid
2040,solidsNF,Solid
2041,solidsNF,Solid
2042,solidsNF,Solid
2043,solidsNF,Solid
2044,solidsNF,Solid
2045,solidsNF,Solid
2046,solidsNF,Solid
2047,solidsNF,Solid
2048,solidsNF,Solid
2049,solidsNF,Solid
2050,solidsNF,Solid
2051,colonization2051Solid,Solid
2100,colonization2100Solid,Solid
2150,colonization2150Solid,Solid
PW,rocketryTesting,Solid
0,start,Ion
1998,earlyElecPropulsion,Ion
1999,earlyElecPropulsion,Ion
2000,earlyElecPropulsion,Ion
2001,earlyElecPropulsion,Ion
2002,earlyElecPropulsion,Ion
2003,earlyElecPropulsion,Ion
2004,earlyElecPropulsion,Ion
2005,earlyElecPropulsion,Ion
2006,earlyElecPropulsion,Ion
2007,earlyElecPropulsion,Ion
2008,earlyElecPropulsion,Ion
2009,basicElecPropulsion,Ion
2010,basicElecPropulsion,Ion
2011,basicElecPropulsion,Ion
2012,basicElecPropulsion,Ion
2013,basicElecPropulsion,Ion
2014,basicElecPropulsion,Ion
2015,basicElecPropulsion,Ion
2016,basicElecPropulsion,Ion
2017,basicElecPropulsion,Ion
2018,basicElecPropulsion,Ion
2019,improvedElecPropulsion,Ion
2020,improvedElecPropulsion,Ion
2021,improvedElecPropulsion,Ion
2022,improvedElecPropulsion,Ion
2023,improvedElecPropulsion,Ion
2024,improvedElecPropulsion,Ion
2025,improvedElecPropulsion,Ion
2026,improvedElecPropulsion,Ion
2027,improvedElecPropulsion,Ion
2028,improvedElecPropulsion,Ion
2029,improvedElecPropulsion,Ion
2030,improvedElecPropulsion,Ion
2031,improvedElecPropulsion,Ion
2032,improvedElecPropulsion,Ion
2033,improvedElecPropulsion,Ion
2034,improvedElecPropulsion,Ion
2035,advancedElecPropulsion,Ion
2036,advancedElecPropulsion,Ion
2037,advancedElecPropulsion,Ion
2038,advancedElecPropulsion,Ion
2039,advancedElecPropulsion,Ion
2040,advancedElecPropulsion,Ion
2041,advancedElecPropulsion,Ion
2042,advancedElecPropulsion,Ion
2043,advancedElecPropulsion,Ion
2044,advancedElecPropulsion,Ion
2045,advancedElecPropulsion,Ion
2046,advancedElecPropulsion,Ion
2047,advancedElecPropulsion,Ion
2048,advancedElecPropulsion,Ion
2049,advancedElecPropulsion,Ion
2050,advancedElecPropulsion,Ion
2051,colonization2051ElecProp,Ion
2100,colonization2100ElecProp,Ion
2150,colonization2150ElecProp,Ion
0,start,NTR
1967,prototypeNuclearPropulsion,NTR
1968,prototypeNuclearPropulsion,NTR
1969,prototypeNuclearPropulsion,NTR
1970,prototypeNuclearPropulsion,NTR
1971,prototypeNuclearPropulsion,NTR
1972,earlyNuclearPropulsion,NTR
1973,earlyNuclearPropulsion,NTR
1974,earlyNuclearPropulsion,NTR
1975,earlyNuclearPropulsion,NTR
1976,earlyNuclearPropulsion,NTR
1977,earlyNuclearPropulsion,NTR
1978,earlyNuclearPropulsion,NTR
1979,earlyNuclearPropulsion,NTR
1980,earlyNuclearPropulsion,NTR
1981,basicNuclearPropulsion,NTR
1982,basicNuclearPropulsion,NTR
1983,basicNuclearPropulsion,NTR
1984,basicNuclearPropulsion,NTR
1985,basicNuclearPropulsion,NTR
1986,improvedNuclearPropulsion,NTR
1987,improvedNuclearPropulsion,NTR
1988,improvedNuclearPropulsion,NTR
1989,improvedNuclearPropulsion,NTR
1990,improvedNuclearPropulsion,NTR
1991,improvedNuclearPropulsion,NTR
1992,improvedNuclearPropulsion,NTR
1993,improvedNuclearPropulsion,NTR
1994,improvedNuclearPropulsion,NTR
1995,improvedNuclearPropulsion,NTR
1996,improvedNuclearPropulsion,NTR
1997,improvedNuclearPropulsion,NTR
1998,advancedNuclearPropulsion,NTR
1999,advancedNuclearPropulsion,NTR
2000,advancedNuclearPropulsion,NTR
2001,advancedNuclearPropulsion,NTR
2002,advancedNuclearPropulsion,NTR
2003,advancedNuclearPropulsion,NTR
2004,advancedNuclearPropulsion,NTR
2005,advancedNuclearPropulsion,NTR
2006,advancedNuclearPropulsion,NTR
2007,advancedNuclearPropulsion,NTR
2008,advancedNuclearPropulsion,NTR
2009,efficientNuclearPropulsion,NTR
2010,efficientNuclearPropulsion,NTR
2011,efficientNuclearPropulsion,NTR
2012,efficientNuclearPropulsion,NTR
2013,efficientNuclearPropulsion,NTR
2014,efficientNuclearPropulsion,NTR
2015,efficientNuclearPropulsion,NTR
2016,efficientNuclearPropulsion,NTR
2017,efficientNuclearPropulsion,NTR
2018,efficientNuclearPropulsion,NTR
2019,nuclearPropulsionNF,NTR
2020,nuclearPropulsionNF,NTR
2021,nuclearPropulsionNF,NTR
2022,nuclearPropulsionNF,NTR
2023,nuclearPropulsionNF,NTR
2024,nuclearPropulsionNF,NTR
2025,nuclearPropulsionNF,NTR
2026,nuclearPropulsionNF,NTR
2027,nuclearPropulsionNF,NTR
2028,nuclearPropulsionNF,NTR
2029,nuclearPropulsionNF,NTR
2030,nuclearPropulsionNF,NTR
2031,nuclearPropulsionNF,NTR
2032,nuclearPropulsionNF,NTR
2033,nuclearPropulsionNF,NTR
2034,nuclearPropulsionNF,NTR
2035,nuclearPropulsionNF2,NTR
2036,nuclearPropulsionNF2,NTR
2037,nuclearPropulsionNF2,NTR
2038,nuclearPropulsionNF2,NTR
2039,nuclearPropulsionNF2,NTR
2040,nuclearPropulsionNF2,NTR
2041,nuclearPropulsionNF2,NTR
2042,nuclearPropulsionNF2,NTR
2043,nuclearPropulsionNF2,NTR
2044,nuclearPropulsionNF2,NTR
2045,nuclearPropulsionNF2,NTR
2046,nuclearPropulsionNF2,NTR
2047,nuclearPropulsionNF2,NTR
2048,nuclearPropulsionNF2,NTR
2049,nuclearPropulsionNF2,NTR
2050,nuclearPropulsionNF2,NTR
2051,colonization2051NuclearProp,NTR
2100,colonization2100NuclearProp,NTR
2150,colonization2150NuclearProp,NTR
0,start,LS
1960,crewSurvivability,LS
1961,crewSurvivability,LS
1962,crewSurvivability,LS
1963,crewSurvivability,LS
1964,earlyLifeSupport,LS
1965,earlyLifeSupport,LS
1966,earlyLifeSupport,LS
1967,lifeSupportISRU,LS
1968,lifeSupportISRU,LS
1969,lifeSupportISRU,LS
1970,lifeSupportISRU,LS
1971,lifeSupportISRU,LS
1972,basicLifeSupport,LS
1973,basicLifeSupport,LS
1974,basicLifeSupport,LS
1975,basicLifeSupport,LS
1976,basicLifeSupport,LS
1977,basicLifeSupport,LS
1978,basicLifeSupport,LS
1979,basicLifeSupport,LS
1980,basicLifeSupport,LS
1981,improvedLifeSupport,LS
1982,improvedLifeSupport,LS
1983,improvedLifeSupport,LS
1984,improvedLifeSupport,LS
1985,improvedLifeSupport,LS
1986,longTermLifeSupport,LS
1987,longTermLifeSupport,LS
1988,longTermLifeSupport,LS
1989,longTermLifeSupport,LS
1990,longTermLifeSupport,LS
1991,longTermLifeSupport,LS
1992,longTermLifeSupport,LS
1993,longTermLifeSupport,LS
1994,longTermLifeSupport,LS
1995,longTermLifeSupport,LS
1996,longTermLifeSupport,LS
1997,longTermLifeSupport,LS
1998,advancedLifeSupport,LS
1999,advancedLifeSupport,LS
2000,advancedLifeSupport,LS
2001,advancedLifeSupport,LS
2002,advancedLifeSupport,LS
2003,advancedLifeSupport,LS
2004,advancedLifeSupport,LS
2005,advancedLifeSupport,LS
2006,advancedLifeSupport,LS
2007,advancedLifeSupport,LS
2008,advancedLifeSupport,LS
2009,efficientLifeSupport,LS
2010,efficientLifeSupport,LS
2011,efficientLifeSupport,LS
2012,efficientLifeSupport,LS
2013,efficientLifeSupport,LS
2014,efficientLifeSupport,LS
2015,efficientLifeSupport,LS
2016,efficientLifeSupport,LS
2017,efficientLifeSupport,LS
2018,efficientLifeSupport,LS
2019,lifeSupportNF,LS
2020,lifeSupportNF,LS
2021,lifeSupportNF,LS
2022,lifeSupportNF,LS
2023,lifeSupportNF,LS
2024,lifeSupportNF,LS
2025,lifeSupportNF,LS
2026,lifeSupportNF,LS
2027,lifeSupportNF,LS
2028,lifeSupportNF,LS
2029,lifeSupportNF,LS
2030,lifeSupportNF,LS
2031,lifeSupportNF,LS
2032,lifeSupportNF,LS
2033,lifeSupportNF,LS
2034,lifeSupportNF,LS
2035,lifeSupportNF,LS
2036,lifeSupportNF,LS
2037,lifeSupportNF,LS
2038,lifeSupportNF,LS
2039,lifeSupportNF,LS
2040,lifeSupportNF,LS
2041,lifeSupportNF,LS
2042,lifeSupportNF,LS
2043,lifeSupportNF,LS
2044,lifeSupportNF,LS
2045,lifeSupportNF,LS
2046,lifeSupportNF,LS
2047,lifeSupportNF,LS
2048,lifeSupportNF,LS
2049,lifeSupportNF,LS
2050,lifeSupportNF,LS
2051,colonization2051LifeSupport,LS
2100,colonization2100LifeSupport,LS
2150,colonization2150LifeSupport,LS
0,start,Materials
1950,postWarMaterialsScience,Materials
1951,postWarMaterialsScience,Materials
1952,earlyMaterialsScience,Materials
1953,earlyMaterialsScience,Materials
1954,earlyMaterialsScience,Materials
1955,earlyMaterialsScience,Materials
1956,materialsScienceSatellite,Materials
1957,materialsScienceSatellite,Materials
1958,materialsScienceSatellite,Materials
1959,materialsScienceSatellite,Materials
1960,materialsScienceSatellite,Materials
1961,materialsScienceHuman,Materials
1962,materialsScienceHuman,Materials
1963,materialsScienceHuman,Materials
1964,materialsScienceAdvCapsules,Materials
1965,materialsScienceAdvCapsules,Materials
1966,materialsScienceAdvCapsules,Materials
1967,materialsScienceLunar,Materials
1968,materialsScienceLunar,Materials
1969,materialsScienceLunar,Materials
1970,materialsScienceLunar,Materials
1971,materialsScienceLunar,Materials
1972,materialsScienceSpaceStation,Materials
1973,materialsScienceSpaceStation,Materials
1974,materialsScienceSpaceStation,Materials
1975,materialsScienceSpaceStation,Materials
1976,materialsScienceSpaceStation,Materials
1977,materialsScienceSpaceStation,Materials
1978,materialsScienceSpaceStation,Materials
1979,materialsScienceSpaceStation,Materials
1980,materialsScienceSpaceStation,Materials
1981,materialsScienceSpaceplanes,Materials
1982,materialsScienceSpaceplanes,Materials
1983,materialsScienceSpaceplanes,Materials
1984,materialsScienceSpaceplanes,Materials
1985,materialsScienceSpaceplanes,Materials
1986,materialsScienceLongTerm,Materials
1987,materialsScienceLongTerm,Materials
1988,materialsScienceLongTerm,Materials
1989,materialsScienceLongTerm,Materials
1990,materialsScienceLongTerm,Materials
1991,materialsScienceLongTerm,Materials
1992,materialsScienceLongTerm,Materials
1993,materialsScienceLongTerm,Materials
1994,materialsScienceLongTerm,Materials
1995,materialsScienceLongTerm,Materials
1996,materialsScienceLongTerm,Materials
1997,materialsScienceLongTerm,Materials
1998,materialsScienceInternational,Materials
1999,materialsScienceInternational,Materials
2000,materialsScienceInternational,Materials
2001,materialsScienceInternational,Materials
2002,materialsScienceInternational,Materials
2003,materialsScienceInternational,Materials
2004,materialsScienceInternational,Materials
2005,materialsScienceInternational,Materials
2006,materialsScienceInternational,Materials
2007,materialsScienceInternational,Materials
2008,materialsScienceInternational,Materials
2009,materialsScienceCommercial,Materials
2010,materialsScienceCommercial,Materials
2011,materialsScienceCommercial,Materials
2012,materialsScienceCommercial,Materials
2013,materialsScienceCommercial,Materials
2014,materialsScienceCommercial,Materials
2015,materialsScienceCommercial,Materials
2016,materialsScienceCommercial,Materials
2017,materialsScienceCommercial,Materials
2018,materialsScienceCommercial,Materials
2019,materialsScienceNF,Materials
2020,materialsScienceNF,Materials
2021,materialsScienceNF,Materials
2022,materialsScienceNF,Materials
2023,materialsScienceNF,Materials
2024,materialsScienceNF,Materials
2025,materialsScienceNF,Materials
2026,materialsScienceNF,Materials
2027,materialsScienceNF,Materials
2028,materialsScienceNF,Materials
2029,materialsScienceNF,Materials
2030,materialsScienceNF,Materials
2031,materialsScienceNF,Materials
2032,materialsScienceNF,Materials
2033,materialsScienceNF,Materials
2034,materialsScienceNF,Materials
2035,materialsScienceNF,Materials
2036,materialsScienceNF,Materials
2037,materialsScienceNF,Materials
2038,materialsScienceNF,Materials
2039,materialsScienceNF,Materials
2040,materialsScienceNF,Materials
2041,materialsScienceNF,Materials
2042,materialsScienceNF,Materials
2043,materialsScienceNF,Materials
2044,materialsScienceNF,Materials
2045,materialsScienceNF,Materials
2046,materialsScienceNF,Materials
2047,materialsScienceNF,Materials
2048,materialsScienceNF,Materials
2049,materialsScienceNF,Materials
2050,materialsScienceNF,Materials
2051,materialsScienceColonization,Materials
2100,materialsScienceColonization,Materials
2150,materialsScienceColonization,Materials
PW,postWarMaterialsScience,Materials
0,start,Electronics
1956,electronicsSatellite,Electronics
1957,electronicsSatellite,Electronics
1958,electronicsSatellite,Electronics
1959,electronicsSatellite,Electronics
1960,electronicsSatellite,Electronics
1961,electronicsHuman,Electronics
1962,electronicsHuman,Electronics
1963,electronicsHuman,Electronics
1964,electronicsAdvCapsules,Electronics
1965,electronicsAdvCapsules,Electronics
1966,electronicsAdvCapsules,Electronics
1967,electronicsLunar,Electronics
1968,electronicsLunar,Electronics
1969,electronicsLunar,Electronics
1970,electronicsLunar,Electronics
1971,electronicsLunar,Electronics
1972,electronicsSpaceStation,Electronics
1973,electronicsSpaceStation,Electronics
1974,electronicsSpaceStation,Electronics
1975,electronicsSpaceStation,Electronics
1976,electronicsSpaceStation,Electronics
1977,electronicsSpaceStation,Electronics
1978,electronicsSpaceStation,Electronics
1979,electronicsSpaceStation,Electronics
1980,electronicsSpaceStation,Electronics
1981,electronicsSpaceplanes,Electronics
1982,electronicsSpaceplanes,Electronics
1983,electronicsSpaceplanes,Electronics
1984,electronicsSpaceplanes,Electronics
1985,electronicsSpaceplanes,Electronics
1986,electronicsLongTerm,Electronics
1987,electronicsLongTerm,Electronics
1988,electronicsLongTerm,Electronics
1989,electronicsLongTerm,Electronics
1990,electronicsLongTerm,Electronics
1991,electronicsLongTerm,Electronics
1992,electronicsLongTerm,Electronics
1993,electronicsLongTerm,Electronics
1994,electronicsLongTerm,Electronics
1995,electronicsLongTerm,Electronics
1996,electronicsLongTerm,Electronics
1997,electronicsLongTerm,Electronics
1998,electronicsInternational,Electronics
1999,electronicsInternational,Electronics
2000,electronicsInternational,Electronics
2001,electronicsInternational,Electronics
2002,electronicsInternational,Electronics
2003,electronicsInternational,Electronics
2004,electronicsInternational,Electronics
2005,electronicsInternational,Electronics
2006,electronicsInternational,Electronics
2007,electronicsInternational,Electronics
2008,electronicsInternational,Electronics
2009,electronicsCommercial,Electronics
2010,electronicsCommercial,Electronics
2011,electronicsCommercial,Electronics
2012,electronicsCommercial,Electronics
2013,electronicsCommercial,Electronics
2014,electronicsCommercial,Electronics
2015,electronicsCommercial,Electronics
2016,electronicsCommercial,Electronics
2017,electronicsCommercial,Electronics
2018,electronicsCommercial,Electronics
2019,electronicsNF,Electronics
2020,electronicsNF,Electronics
2021,electronicsNF,Electronics
2022,electronicsNF,Electronics
2023,electronicsNF,Electronics
2024,electronicsNF,Electronics
2025,electronicsNF,Electronics
2026,electronicsNF,Electronics
2027,electronicsNF,Electronics
2028,electronicsNF,Electronics
2029,electronicsNF,Electronics
2030,electronicsNF,Electronics
2031,electronicsNF,Electronics
2032,electronicsNF,Electronics
2033,electronicsNF,Electronics
2034,electronicsNF,Electronics
2035,electronicsNF,Electronics
2036,electronicsNF,Electronics
2037,electronicsNF,Electronics
2038,electronicsNF,Electronics
2039,electronicsNF,Electronics
2040,electronicsNF,Electronics
2041,electronicsNF,Electronics
2042,electronicsNF,Electronics
2043,electronicsNF,Electronics
2044,electronicsNF,Electronics
2045,electronicsNF,Electronics
2046,electronicsNF,Electronics
2047,electronicsNF,Electronics
2048,electronicsNF,Electronics
2049,electronicsNF,Electronics
2050,electronicsNF,Electronics
2051,electronicsColonization,Electronics
2100,electronicsColonization,Electronics
2150,electronicsColonization,Electronics
0,start,Nuclear
1961,firstRTG,Nuclear
1962,firstRTG,Nuclear
1963,earlyRTG,Nuclear
1964,earlyRTG,Nuclear
1965,nuclearFissionReactors,Nuclear
1966,nuclearFissionReactors,Nuclear
1967,improvedRTG,Nuclear
1968,improvedRTG,Nuclear
1969,improvedRTG,Nuclear
1970,improvedRTG,Nuclear
1971,improvedRTG,Nuclear
1972,improvedRTG,Nuclear
1973,improvedRTG,Nuclear
1974,improvedRTG,Nuclear
1975,improvedRTG,Nuclear
1976,multihundredWattRTG,Nuclear
1977,multihundredWattRTG,Nuclear
1978,multihundredWattRTG,Nuclear
1979,multihundredWattRTG,Nuclear
1980,multihundredWattRTG,Nuclear
1981,gphsRTG,Nuclear
1982,gphsRTG,Nuclear
1983,gphsRTG,Nuclear
1984,gphsRTG,Nuclear
1985,gphsRTG,Nuclear
1986,improvedNuclearPower,Nuclear
1987,improvedNuclearPower,Nuclear
1988,improvedNuclearPower,Nuclear
1989,improvedNuclearPower,Nuclear
1990,improvedNuclearPower,Nuclear
1991,improvedNuclearPower,Nuclear
1992,improvedNuclearPower,Nuclear
1993,improvedNuclearPower,Nuclear
1994,improvedNuclearPower,Nuclear
1995,improvedNuclearPower,Nuclear
1996,improvedNuclearPower,Nuclear
1997,improvedNuclearPower,Nuclear
1998,advancedNuclearPower,Nuclear
1999,advancedNuclearPower,Nuclear
2000,advancedNuclearPower,Nuclear
2001,advancedNuclearPower,Nuclear
2002,advancedNuclearPower,Nuclear
2003,advancedNuclearPower,Nuclear
2004,advancedNuclearPower,Nuclear
2005,advancedNuclearPower,Nuclear
2006,advancedNuclearPower,Nuclear
2007,advancedNuclearPower,Nuclear
2008,advancedNuclearPower,Nuclear
2009,modernNuclearPower,Nuclear
2010,modernNuclearPower,Nuclear
2011,modernNuclearPower,Nuclear
2012,modernNuclearPower,Nuclear
2013,modernNuclearPower,Nuclear
2014,modernNuclearPower,Nuclear
2015,modernNuclearPower,Nuclear
2016,modernNuclearPower,Nuclear
2017,modernNuclearPower,Nuclear
2018,modernNuclearPower,Nuclear
2019,nuclearPowerNF,Nuclear
2020,nuclearPowerNF,Nuclear
2021,nuclearPowerNF,Nuclear
2022,nuclearPowerNF,Nuclear
2023,nuclearPowerNF,Nuclear
2024,nuclearPowerNF,Nuclear
2025,nuclearPowerNF,Nuclear
2026,nuclearPowerNF,Nuclear
2027,nuclearPowerNF,Nuclear
2028,nuclearPowerNF,Nuclear
2029,nuclearPowerNF,Nuclear
2030,nuclearPowerNF,Nuclear
2031,nuclearPowerNF,Nuclear
2032,nuclearPowerNF,Nuclear
2033,nuclearPowerNF,Nuclear
2034,nuclearPowerNF,Nuclear
2035,nuclearPowerNF,Nuclear
2036,nuclearPowerNF,Nuclear
2037,nuclearPowerNF,Nuclear
2038,nuclearPowerNF,Nuclear
2039,nuclearPowerNF,Nuclear
2040,nuclearPowerNF,Nuclear
2041,nuclearPowerNF,Nuclear
2042,nuclearPowerNF,Nuclear
2043,nuclearPowerNF,Nuclear
2044,nuclearPowerNF,Nuclear
2045,nuclearPowerNF,Nuclear
2046,nuclearPowerNF,Nuclear
2047,nuclearPowerNF,Nuclear
2048,nuclearPowerNF,Nuclear
2049,nuclearPowerNF,Nuclear
2050,nuclearPowerNF,Nuclear
2051,colonization2051NuclearPower,Nuclear
2100,colonization2100NuclearPower,Nuclear
2150,colonization2150NuclearPower,Nuclear
0,start,Power
1950,postWarAvionics,Power
1951,postWarAvionics,Power
1952,avionicsPrototypes,Power
1953,avionicsPrototypes,Power
1954,avionicsPrototypes,Power
1955,avionicsPrototypes,Power
1956,electronicsSatellite,Power
1957,electronicsSatellite,Power
1958,primitiveSolarPanels,Power
1959,primitiveSolarPanels,Power
1960,primitiveSolarPanels,Power
1961,earlyPower,Power
1962,earlyPower,Power
1963,basicPower,Power
1964,improvedPower,Power
1965,improvedPower,Power
1966,improvedPower,Power
1967,lunarRatedPower,Power
1968,lunarRatedPower,Power
1969,lunarRatedPower,Power
1970,lunarRatedPower,Power
1971,lunarRatedPower,Power
1972,spaceStationSolarPanels,Power
1973,spaceStationSolarPanels,Power
1974,spaceStationSolarPanels,Power
1975,spaceStationSolarPanels,Power
1976,spaceStationSolarPanels,Power
1977,spaceStationSolarPanels,Power
1978,spaceStationSolarPanels,Power
1979,spaceStationSolarPanels,Power
1980,spaceStationSolarPanels,Power
1981,maturePower,Power
1982,maturePower,Power
1983,maturePower,Power
1984,maturePower,Power
1985,maturePower,Power
1986,largeScaleSolarArrays,Power
1987,largeScaleSolarArrays,Power
1988,largeScaleSolarArrays,Power
1989,largeScaleSolarArrays,Power
1990,largeScaleSolarArrays,Power
1991,largeScaleSolarArrays,Power
1992,largeScaleSolarArrays,Power
1993,largeScaleSolarArrays,Power
1994,largeScaleSolarArrays,Power
1995,largeScaleSolarArrays,Power
1996,largeScaleSolarArrays,Power
1997,largeScaleSolarArrays,Power
1998,advancedPower,Power
1999,advancedPower,Power
2000,advancedPower,Power
2001,advancedPower,Power
2002,advancedPower,Power
2003,advancedPower,Power
2004,advancedPower,Power
2005,advancedPower,Power
2006,advancedPower,Power
2007,advancedPower,Power
2008,advancedPower,Power
2009,modernPower,Power
2010,modernPower,Power
2011,modernPower,Power
2012,modernPower,Power
2013,modernPower,Power
2014,modernPower,Power
2015,modernPower,Power
2016,modernPower,Power
2017,modernPower,Power
2018,modernPower,Power
2019,powerNF,Power
2020,powerNF,Power
2021,powerNF,Power
2022,powerNF,Power
2023,powerNF,Power
2024,powerNF,Power
2025,powerNF,Power
2026,powerNF,Power
2027,powerNF,Power
2028,powerNF,Power
2029,powerNF,Power
2030,powerNF,Power
2031,powerNF,Power
2032,powerNF,Power
2033,powerNF,Power
2034,powerNF,Power
2035,powerNF,Power
2036,powerNF,Power
2037,powerNF,Power
2038,powerNF,Power
2039,powerNF,Power
2040,powerNF,Power
2041,powerNF,Power
2042,powerNF,Power
2043,powerNF,Power
2044,powerNF,Power
2045,powerNF,Power
2046,powerNF,Power
2047,powerNF,Power
2048,powerNF,Power
2049,powerNF,Power
2050,powerNF,Power
2051,colonization2051Power,Power
2100,colonization2100Power,Power
2150,colonization2150Power,Power
PW,postWarAvionics,Power
0,start,Comms
1956,earlyAvionics,Comms
1957,earlyAvionics,Comms
1958,lunarRangeComms,Comms
1959,lunarRangeComms,Comms
1960,lunarRangeComms,Comms
1961,interplanetaryComms,Comms
1962,interplanetaryComms,Comms
1963,interplanetaryComms,Comms
1964,improvedComms,Comms
1965,improvedComms,Comms
1966,improvedComms,Comms
1967,advancedComms,Comms
1968,advancedComms,Comms
1969,advancedComms,Comms
1970,advancedComms,Comms
1971,advancedComms,Comms
1972,deepSpaceComms,Comms
1973,deepSpaceComms,Comms
1974,deepSpaceComms,Comms
1975,deepSpaceComms,Comms
1976,deepSpaceComms,Comms
1977,deepSpaceComms,Comms
1978,deepSpaceComms,Comms
1979,deepSpaceComms,Comms
1980,deepSpaceComms,Comms
1981,largeScaleComms,Comms
1982,largeScaleComms,Comms
1983,largeScaleComms,Comms
1984,largeScaleComms,Comms
1985,largeScaleComms,Comms
1986,massiveScaleComms,Comms
1987,massiveScaleComms,Comms
1988,massiveScaleComms,Comms
1989,massiveScaleComms,Comms
1990,massiveScaleComms,Comms
1991,massiveScaleComms,Comms
1992,massiveScaleComms,Comms
1993,massiveScaleComms,Comms
1994,massiveScaleComms,Comms
1995,massiveScaleComms,Comms
1996,massiveScaleComms,Comms
1997,massiveScaleComms,Comms
1998,efficientComms,Comms
1999,efficientComms,Comms
2000,efficientComms,Comms
2001,efficientComms,Comms
2002,efficientComms,Comms
2003,efficientComms,Comms
2004,efficientComms,Comms
2005,efficientComms,Comms
2006,efficientComms,Comms
2007,efficientComms,Comms
2008,efficientComms,Comms
2009,modernComms,Comms
2010,modernComms,Comms
2011,modernComms,Comms
2012,modernComms,Comms
2013,modernComms,Comms
2014,modernComms,Comms
2015,modernComms,Comms
2016,modernComms,Comms
2017,modernComms,Comms
2018,modernComms,Comms
2019,commsNF,Comms
2020,commsNF,Comms
2021,commsNF,Comms
2022,commsNF,Comms
2023,commsNF,Comms
2024,commsNF,Comms
2025,commsNF,Comms
2026,commsNF,Comms
2027,commsNF,Comms
2028,commsNF,Comms
2029,commsNF,Comms
2030,commsNF,Comms
2031,commsNF,Comms
2032,commsNF,Comms
2033,commsNF,Comms
2034,commsNF,Comms
2035,commsNF,Comms
2036,commsNF,Comms
2037,commsNF,Comms
2038,commsNF,Comms
2039,commsNF,Comms
2040,commsNF,Comms
2041,commsNF,Comms
2042,commsNF,Comms
2043,commsNF,Comms
2044,commsNF,Comms
2045,commsNF,Comms
2046,commsNF,Comms
2047,commsNF,Comms
2048,commsNF,Comms
2049,commsNF,Comms
2050,commsNF,Comms
2051,colonization2051Comms,Comms
2100,colonization2100Comms,Comms
2150,colonization2150Comms,Comms
0,start,Avionics
1950,postWarAvionics,Avionics
1951,postWarAvionics,Avionics
1952,avionicsPrototypes,Avionics
1953,avionicsPrototypes,Avionics
1954,avionicsPrototypes,Avionics
1955,avionicsPrototypes,Avionics
1956,earlyAvionics,Avionics
1957,earlyAvionics,Avionics
1958,earlyAvionics,Avionics
1959,basicAvionics,Avionics
1960,basicAvionics,Avionics
1961,interplanetaryProbes,Avionics
1962,improvedAvionics,Avionics
1963,improvedAvionics,Avionics
1964,matureAvionics,Avionics
1965,matureAvionics,Avionics
1966,matureAvionics,Avionics
1967,largeScaleAvionics,Avionics
1968,largeScaleAvionics,Avionics
1969,largeScaleAvionics,Avionics
1970,largeScaleAvionics,Avionics
1971,largeScaleAvionics,Avionics
1972,advancedAvionics,Avionics
1973,advancedAvionics,Avionics
1974,advancedAvionics,Avionics
1975,advancedAvionics,Avionics
1976,advancedAvionics,Avionics
1977,advancedAvionics,Avionics
1978,advancedAvionics,Avionics
1979,advancedAvionics,Avionics
1980,advancedAvionics,Avionics
1981,nextGenAvionics,Avionics
1982,nextGenAvionics,Avionics
1983,nextGenAvionics,Avionics
1984,nextGenAvionics,Avionics
1985,nextGenAvionics,Avionics
1986,longTermAvionics,Avionics
1987,longTermAvionics,Avionics
1988,longTermAvionics,Avionics
1989,longTermAvionics,Avionics
1990,longTermAvionics,Avionics
1991,longTermAvionics,Avionics
1992,longTermAvionics,Avionics
1993,longTermAvionics,Avionics
1994,longTermAvionics,Avionics
1995,longTermAvionics,Avionics
1996,longTermAvionics,Avionics
1997,longTermAvionics,Avionics
1998,internationalAvionics,Avionics
1999,internationalAvionics,Avionics
2000,internationalAvionics,Avionics
2001,internationalAvionics,Avionics
2002,internationalAvionics,Avionics
2003,internationalAvionics,Avionics
2004,internationalAvionics,Avionics
2005,internationalAvionics,Avionics
2006,internationalAvionics,Avionics
2007,internationalAvionics,Avionics
2008,internationalAvionics,Avionics
2009,modernAvionics,Avionics
2010,modernAvionics,Avionics
2011,modernAvionics,Avionics
2012,modernAvionics,Avionics
2013,modernAvionics,Avionics
2014,modernAvionics,Avionics
2015,modernAvionics,Avionics
2016,modernAvionics,Avionics
2017,modernAvionics,Avionics
2018,modernAvionics,Avionics
2019,avionicsNF,Avionics
2020,avionicsNF,Avionics
2021,avionicsNF,Avionics
2022,avionicsNF,Avionics
2023,avionicsNF,Avionics
2024,avionicsNF,Avionics
2025,avionicsNF,Avionics
2026,avionicsNF,Avionics
2027,avionicsNF,Avionics
2028,avionicsNF,Avionics
2029,avionicsNF,Avionics
2030,avionicsNF,Avionics
2031,avionicsNF,Avionics
2032,avionicsNF,Avionics
2033,avionicsNF,Avionics
2034,avionicsNF,Avionics
2035,avionicsNF,Avionics
2036,avionicsNF,Avionics
2037,avionicsNF,Avionics
2038,avionicsNF,Avionics
2039,avionicsNF,Avionics
2040,avionicsNF,Avionics
2041,avionicsNF,Avionics
2042,avionicsNF,Avionics
2043,avionicsNF,Avionics
2044,avionicsNF,Avionics
2045,avionicsNF,Avionics
2046,avionicsNF,Avionics
2047,avionicsNF,Avionics
2048,avionicsNF,Avionics
2049,avionicsNF,Avionics
2050,avionicsNF,Avionics
2051,colonization2051Avionics,Avionics
2100,colonization2100Avionics,Avionics
2150,colonization2150Avionics,Avionics
PW,postWarAvionics,Avionics
0,start,Science
1950,earlyScience,Science
1951,earlyScience,Science
1952,earlyScience,Science
1953,earlyScience,Science
1954,earlyScience,Science
1955,earlyScience,Science
1956,scienceSatellite,Science
1957,scienceSatellite,Science
1958,scienceSatellite,Science
1959,scienceSatellite,Science
1960,scienceSatellite,Science
1961,scienceHuman,Science
1962,scienceHuman,Science
1963,scienceHuman,Science
1964,scienceAdvCapsules,Science
1965,scienceAdvCapsules,Science
1966,scienceAdvCapsules,Science
1967,scienceLunar,Science
1968,scienceLunar,Science
1969,surfaceScience,Science
1970,surfaceScience,Science
1971,surfaceScience,Science
1972,deepSpaceScience,Science
1973,deepSpaceScience,Science
1974,deepSpaceScience,Science
1975,deepSpaceScience,Science
1976,deepSpaceScience,Science
1977,deepSpaceScience,Science
1978,deepSpaceScience,Science
1979,deepSpaceScience,Science
1980,deepSpaceScience,Science
1981,scienceExploration,Science
1982,scienceExploration,Science
1983,scienceExploration,Science
1984,scienceExploration,Science
1985,scienceExploration,Science
1986,sampleReturnScience,Science
1987,sampleReturnScience,Science
1988,sampleReturnScience,Science
1989,sampleReturnScience,Science
1990,sampleReturnScience,Science
1991,sampleReturnScience,Science
1992,sampleReturnScience,Science
1993,sampleReturnScience,Science
1994,sampleReturnScience,Science
1995,sampleReturnScience,Science
1996,sampleReturnScience,Science
1997,sampleReturnScience,Science
1998,advancedScience,Science
1999,advancedScience,Science
2000,advancedScience,Science
2001,advancedScience,Science
2002,advancedScience,Science
2003,advancedScience,Science
2004,advancedScience,Science
2005,advancedScience,Science
2006,advancedScience,Science
2007,advancedScience,Science
2008,advancedScience,Science
2009,advancedSurfaceScience,Science
2010,advancedSurfaceScience,Science
2011,advancedSurfaceScience,Science
2012,advancedSurfaceScience,Science
2013,advancedSurfaceScience,Science
2014,advancedSurfaceScience,Science
2015,advancedSurfaceScience,Science
2016,advancedSurfaceScience,Science
2017,advancedSurfaceScience,Science
2018,advancedSurfaceScience,Science
2019,scienceNF,Science
2020,scienceNF,Science
2021,scienceNF,Science
2022,scienceNF,Science
2023,scienceNF,Science
2024,scienceNF,Science
2025,scienceNF,Science
2026,scienceNF,Science
2027,scienceNF,Science
2028,scienceNF,Science
2029,scienceNF,Science
2030,scienceNF,Science
2031,scienceNF,Science
2032,scienceNF,Science
2033,scienceNF,Science
2034,scienceNF,Science
2035,scienceNF,Science
2036,scienceNF,Science
2037,scienceNF,Science
2038,scienceNF,Science
2039,scienceNF,Science
2040,scienceNF,Science
2041,scienceNF,Science
2042,scienceNF,Science
2043,scienceNF,Science
2044,scienceNF,Science
2045,scienceNF,Science
2046,scienceNF,Science
2047,scienceNF,Science
2048,scienceNF,Science
2049,scienceNF,Science
2050,scienceNF,Science
2051,colonization2051Science,Science
2100,colonization2100Science,Science
2150,colonization2150Science,Science
PW,earlyScience,Science
